{"cameraMode":{"drawMode":0,"name":"Shaded","section":"Shading Mode"},"sceneLighting":false,"audioPlay":false,"sceneViewState":{"showFog":true,"showMaterialUpdate":false,"showSkybox":false,"showFlares":true,"showImageEffects":true,"showParticleSystems":true},"in2DMode":false,"pivot":{"x":-0.09685516357421875,"y":87.265625,"z":0.22558116912841798},"rotation":{"x":-0.05393596366047859,"y":-0.037437740713357928,"z":-0.0020330436527729036,"w":0.9978617429733276},"size":134.1370391845703,"orthographic":false}